{
  "version": 1,
  "author": "Anonymous maker",
  "editor": "wokwi",
  "parts": [
    { "type": "board-esp32-devkit-c-v4", "id": "esp", "top": 0, "left": -4.76, "attrs": {} },
    {
      "type": "wokwi-pushbutton",
      "id": "btn1",
      "top": 92.6,
      "left": 134.4,
      "attrs": { "color": "green", "xray": "1", "bounce": "1", "key": "1" }
    },
    {
      "type": "wokwi-pushbutton",
      "id": "btn2",
      "top": 140.6,
      "left": 134.4,
      "attrs": { "color": "red", "xray": "1", "key": "2", "bounce": "1" }
    },
    {
      "type": "wokwi-led",
      "id": "led1",
      "top": 34.8,
      "left": -82.6,
      "attrs": { "color": "red", "flip": "" }
    },
    {
      "type": "wokwi-led",
      "id": "led2",
      "top": 73.2,
      "left": -82.6,
      "attrs": { "color": "green" }
    },
    {
      "type": "wokwi-resistor",
      "id": "r1",
      "top": 71.15,
      "left": -153.6,
      "attrs": { "value": "330" }
    },
    {
      "type": "wokwi-resistor",
      "id": "r2",
      "top": 109.55,
      "left": -153.6,
      "attrs": { "value": "330" }
    }
  ],
  "connections": [
    [ "esp:TX", "$serialMonitor:RX", "", [] ],
    [ "esp:RX", "$serialMonitor:TX", "", [] ],
    [ "led2:C", "r2:2", "black", [ "v0" ] ],
    [ "led1:C", "r1:2", "black", [ "v0" ] ],
    [ "esp:GND.1", "r2:1", "black", [ "h0" ] ],
    [ "esp:GND.1", "r1:1", "black", [ "h0" ] ],
    [ "led2:A", "esp:26", "red", [ "v0" ] ],
    [ "led1:A", "esp:27", "red", [ "v38.4", "h57.45" ] ],
    [ "esp:18", "btn1:1.l", "red", [ "h9.6", "v-19.2" ] ],
    [ "btn2:1.l", "esp:17", "red", [ "h-9.6", "v-28.8" ] ],
    [ "btn2:2.r", "esp:GND.3", "black", [ "h9.8", "v0.2", "h9.6", "v-86.4" ] ],
    [ "btn1:2.r", "esp:GND.3", "black", [ "h19.4", "v-38.2", "h-9.6", "v0" ] ]
  ],
  "dependencies": {}
}